case,apply_gate,alpha,beta,beta_label,sigma_red_mean,tau_red_mean,phi_red_mean,cache_key
ASK14 + GRU residual sin gate,False,,,sin gate,-1.134151374696069,4.297701595331807,-2.536670333248796,ask14_corrected__gate0
ASK14 + GRU residual con gate,True,6.5,3.7184,P110,-1.7031158309933512,1.2791172259890977,-2.5085439638374463,ask14_corrected__gate1__alpha_6.5000__beta_3.7184
ASK14 + GRU residual con gate,True,7.0,3.7184,P110,-1.703433581303854,1.3010056193372932,-2.511378294655667,ask14_corrected__gate1__alpha_7.0000__beta_3.7184
ASK14 + GRU residual con gate,True,6.0,3.7184,P110,-1.7043643470085337,1.2527978670704945,-2.506386015035741,ask14_corrected__gate1__alpha_6.0000__beta_3.7184
ASK14 + GRU residual con gate,True,7.5,3.7184,P110,-1.7047852345960857,1.3195982185490047,-2.514605167608235,ask14_corrected__gate1__alpha_7.5000__beta_3.7184
ASK14 + GRU residual con gate,True,8.0,3.7184,P110,-1.7068050929362626,1.335675164426773,-2.518031537930544,ask14_corrected__gate1__alpha_8.0000__beta_3.7184
ASK14 + GRU residual con gate,True,5.5,3.7184,P110,-1.7079815428136689,1.220306189201677,-2.5053323898446256,ask14_corrected__gate1__alpha_5.5000__beta_3.7184
ASK14 + GRU residual con gate,True,5.0,3.7184,P110,-1.7151902447475302,1.1785457794461882,-2.5059524956914263,ask14_corrected__gate1__alpha_5.0000__beta_3.7184
ASK14 + GRU residual con gate,True,4.5,3.7184,P110,-1.7279927044618837,1.1242882877906604,-2.509641747946102,ask14_corrected__gate1__alpha_4.5000__beta_3.7184
ASK14 + GRU residual con gate,True,4.0,3.7184,P110,-1.7498575937922551,1.047473904896962,-2.517779940306106,ask14_corrected__gate1__alpha_4.0000__beta_3.7184
ASK14 + GRU residual con gate,True,3.5,3.7184,P110,-1.7863250346165558,0.9358265553717477,-2.5337049070565647,ask14_corrected__gate1__alpha_3.5000__beta_3.7184
ASK14 + GRU residual con gate,True,3.0,3.7184,P110,-1.8472146620296186,0.7677854909791435,-2.563631077430161,ask14_corrected__gate1__alpha_3.0000__beta_3.7184
ASK14 + GRU residual con gate,True,2.5,3.7184,P110,-1.9511626169323726,0.5045375444233227,-2.620471212333843,ask14_corrected__gate1__alpha_2.5000__beta_3.7184
ASK14 + GRU residual con gate,True,5.5,3.5494,P105,-2.095142186588444,-0.7220845878341422,-2.5100304062094443,ask14_corrected__gate1__alpha_5.5000__beta_3.5494
ASK14 + GRU residual con gate,True,6.0,3.5494,P105,-2.096119970715405,-0.7562285017301048,-2.503750196884985,ask14_corrected__gate1__alpha_6.0000__beta_3.5494
ASK14 + GRU residual con gate,True,5.0,3.5494,P105,-2.096676167922924,-0.6867112446039504,-2.5191952177555743,ask14_corrected__gate1__alpha_5.0000__beta_3.5494
ASK14 + GRU residual con gate,True,6.5,3.5494,P105,-2.0983267231107807,-0.7869356750393645,-2.4994896877620367,ask14_corrected__gate1__alpha_6.5000__beta_3.5494
ASK14 + GRU residual con gate,True,7.0,3.5494,P105,-2.10108601378832,-0.8136939224879185,-2.49666158414219,ask14_corrected__gate1__alpha_7.0000__beta_3.5494
ASK14 + GRU residual con gate,True,4.5,3.5494,P105,-2.1032539217916217,-0.6550584319470993,-2.532898245690737,ask14_corrected__gate1__alpha_4.5000__beta_3.5494
ASK14 + GRU residual con gate,True,7.5,3.5494,P105,-2.1037086480649076,-0.835415255969258,-2.4947693749467517,ask14_corrected__gate1__alpha_7.5000__beta_3.5494
ASK14 + GRU residual con gate,True,8.0,3.5494,P105,-2.106069099557736,-0.8527159591685841,-2.4935598716818883,ask14_corrected__gate1__alpha_8.0000__beta_3.5494
ASK14 + GRU residual con gate,True,4.0,3.5494,P105,-2.1186685657364746,-0.6350684477378802,-2.5535520082826633,ask14_corrected__gate1__alpha_4.0000__beta_3.5494
ASK14 + GRU residual con gate,True,2.0,3.7184,P110,-2.1336309271189395,0.08585663298580183,-2.7334834664736802,ask14_corrected__gate1__alpha_2.0000__beta_3.7184
ASK14 + GRU residual con gate,True,3.5,3.5494,P105,-2.1495648887021774,-0.6401994339674879,-2.5856399540352046,ask14_corrected__gate1__alpha_3.5000__beta_3.5494
ASK14 + GRU residual con gate,True,3.0,3.5494,P105,-2.2068992653102257,-0.6912497822805176,-2.6374436019580276,ask14_corrected__gate1__alpha_3.0000__beta_3.5494
ASK14 + GRU residual con gate,True,2.5,3.5494,P105,-2.310751240144931,-0.8239555185644479,-2.725082060670665,ask14_corrected__gate1__alpha_2.5000__beta_3.5494
ASK14 + GRU residual con gate,True,1.5,3.7184,P110,-2.4657478480516377,-0.6005920792544631,-2.964824017118136,ask14_corrected__gate1__alpha_1.5000__beta_3.7184
ASK14 + GRU residual con gate,True,2.0,3.5494,P105,-2.497568911754281,-1.0952299831348724,-2.8805946779419864,ask14_corrected__gate1__alpha_2.0000__beta_3.5494
ASK14 + GRU residual con gate,True,4.5,3.3804,P100,-2.617453068022891,-2.791566698647768,-2.6187350088716115,ask14_corrected__gate1__alpha_4.5000__beta_3.3804
ASK14 + GRU residual con gate,True,4.0,3.3804,P100,-2.6214012610616724,-2.644292591234645,-2.655480950694788,ask14_corrected__gate1__alpha_4.0000__beta_3.3804
ASK14 + GRU residual con gate,True,5.0,3.3804,P100,-2.6233234047563694,-2.942659352205965,-2.5925386639160037,ask14_corrected__gate1__alpha_5.0000__beta_3.3804
ASK14 + GRU residual con gate,True,5.5,3.3804,P100,-2.635557409589985,-3.093723324364483,-2.5733846772343343,ask14_corrected__gate1__alpha_5.5000__beta_3.3804
ASK14 + GRU residual con gate,True,3.5,3.3804,P100,-2.6415942118346334,-2.5102911985824594,-2.7082633429600538,ask14_corrected__gate1__alpha_3.5000__beta_3.3804
ASK14 + GRU residual con gate,True,6.0,3.3804,P100,-2.6518128204663065,-3.2421266886429407,-2.559224476131674,ask14_corrected__gate1__alpha_6.0000__beta_3.3804
ASK14 + GRU residual con gate,True,6.5,3.3804,P100,-2.670671617391504,-3.3865564985060503,-2.5487318762820457,ask14_corrected__gate1__alpha_6.5000__beta_3.3804
ASK14 + GRU residual con gate,True,3.0,3.3804,P100,-2.6894458119848266,-2.405688436683747,-2.7875895022717274,ask14_corrected__gate1__alpha_3.0000__beta_3.3804
ASK14 + GRU residual con gate,True,7.0,3.3804,P100,-2.6912043319568473,-3.526426633289002,-2.5409901775878185,ask14_corrected__gate1__alpha_7.0000__beta_3.3804
ASK14 + GRU residual con gate,True,7.5,3.3804,P100,-2.7129053071987403,-3.6616995171366935,-2.5354554565441845,ask14_corrected__gate1__alpha_7.5000__beta_3.3804
ASK14 + GRU residual con gate,True,8.0,3.3804,P100,-2.735062057647388,-3.791486958881433,-2.5315018938435596,ask14_corrected__gate1__alpha_8.0000__beta_3.3804
ASK14 + GRU residual con gate,True,2.5,3.3804,P100,-2.784875419936272,-2.3602334641499474,-2.9115266367330674,ask14_corrected__gate1__alpha_2.5000__beta_3.3804
ASK14 + GRU residual con gate,True,1.5,3.5494,P105,-2.834192434646199,-1.6117960627477905,-3.16294713086203,ask14_corrected__gate1__alpha_1.5000__beta_3.5494
ASK14 + GRU residual con gate,True,2.0,3.3804,P100,-2.9629829871610154,-2.4326458789650243,-3.1104842586382717,ask14_corrected__gate1__alpha_2.0000__beta_3.3804
ASK14 + GRU residual con gate,True,1.0,3.7184,P110,-3.082267980846573,-1.7594243843688944,-3.435194054084819,ask14_corrected__gate1__alpha_1.0000__beta_3.7184
ASK14 + GRU residual con gate,True,1.5,3.3804,P100,-3.282707124984171,-2.729062477989761,-3.4329444010169143,ask14_corrected__gate1__alpha_1.5000__beta_3.3804
ASK14 + GRU residual con gate,True,1.0,3.5494,P105,-3.4323495292074155,-2.56241123715284,-3.666958673303742,ask14_corrected__gate1__alpha_1.0000__beta_3.5494
ASK14 + GRU residual con gate,True,1.0,3.3804,P100,-3.829185729365312,-3.421830566361808,-3.942993954937002,ask14_corrected__gate1__alpha_1.0000__beta_3.3804
ASK14 + GRU residual con gate,True,3.0,2.9785,P99,-4.497168923499785,-7.021785381879567,-3.787263448635008,ask14_corrected__gate1__alpha_3.0000__beta_2.9785
ASK14 + GRU residual con gate,True,2.5,2.9785,P99,-4.503661939551605,-6.494182715938151,-3.9490087671471668,ask14_corrected__gate1__alpha_2.5000__beta_2.9785
ASK14 + GRU residual con gate,True,3.5,2.9785,P99,-4.525909916327617,-7.566126508803358,-3.6662712320198763,ask14_corrected__gate1__alpha_3.5000__beta_2.9785
ASK14 + GRU residual con gate,True,2.0,2.9785,P99,-4.565567878042606,-6.032797167206396,-4.163438615395212,ask14_corrected__gate1__alpha_2.0000__beta_2.9785
ASK14 + GRU residual con gate,True,4.0,2.9785,P99,-4.575061313992536,-8.094070405714547,-3.5764298898820432,ask14_corrected__gate1__alpha_4.0000__beta_2.9785
ASK14 + GRU residual con gate,True,4.5,2.9785,P99,-4.634874387747112,-8.590979278313755,-3.509335532391414,ask14_corrected__gate1__alpha_4.5000__beta_2.9785
ASK14 + GRU residual con gate,True,5.0,2.9785,P99,-4.698636790018892,-9.049113290952777,-3.4584288661500096,ask14_corrected__gate1__alpha_5.0000__beta_2.9785
ASK14 + GRU residual con gate,True,1.5,2.9785,P99,-4.709793806897801,-5.720331046660561,-4.441776872678951,ask14_corrected__gate1__alpha_1.5000__beta_2.9785
ASK14 + GRU residual con gate,True,5.5,2.9785,P99,-4.76318932254218,-9.470299524931118,-3.4191022019161945,ask14_corrected__gate1__alpha_5.5000__beta_2.9785
ASK14 + GRU residual con gate,True,6.0,2.9785,P99,-4.826264528632605,-9.856497271313115,-3.3878551776993815,ask14_corrected__gate1__alpha_6.0000__beta_2.9785
ASK14 + GRU residual con gate,True,6.5,2.9785,P99,-4.88676880616035,-10.211014651453697,-3.3621857671652084,ask14_corrected__gate1__alpha_6.5000__beta_2.9785
ASK14 + GRU residual con gate,True,7.0,2.9785,P99,-4.944637930017411,-10.53864668916363,-3.3405689968683334,ask14_corrected__gate1__alpha_7.0000__beta_2.9785
ASK14 + GRU residual con gate,True,1.0,2.9785,P99,-4.966354351841473,-5.661695460878781,-4.793309032120547,ask14_corrected__gate1__alpha_1.0000__beta_2.9785
ASK14 + GRU residual con gate,True,7.5,2.9785,P99,-4.999426535902347,-10.84286357846368,-3.3214740091829906,ask14_corrected__gate1__alpha_7.5000__beta_2.9785
